{"stats":{"minecraft:used":{"minecraft:white_bed":12,"minecraft:chiseled_stone_bricks":1,"minecraft:mangrove_wood":1,"minecraft:polished_blackstone_brick_stairs":1,"minecraft:dead_brain_coral_block":1,"minecraft:diamond_ore":1},"minecraft:custom":{"minecraft:jump":43,"minecraft:time_since_rest":2506,"minecraft:leave_game":1,"minecraft:deaths":41,"minecraft:damage_dealt":50,"minecraft:crouch_one_cm":334,"minecraft:sprint_one_cm":3044,"minecraft:play_time":15299,"minecraft:damage_taken":13190,"minecraft:time_since_death":2505,"minecraft:walk_one_cm":30795,"minecraft:sneak_time":311,"minecraft:total_world_time":15299,"minecraft:fall_one_cm":140609,"minecraft:fly_one_cm":59816}},"DataVersion":3337}