{"stats":{"minecraft:picked_up":{"minecraft:compass":10,"minecraft:slime_ball":10,"minecraft:comparator":2,"minecraft:dirt":1},"minecraft:custom":{"minecraft:jump":55,"minecraft:time_since_rest":601,"minecraft:damage_dealt":30,"minecraft:damage_taken":7340,"minecraft:leave_game":2,"minecraft:time_since_death":601,"minecraft:crouch_one_cm":125,"minecraft:play_time":9005,"minecraft:sprint_one_cm":3372,"minecraft:walk_one_cm":7377,"minecraft:deaths":22,"minecraft:sneak_time":21,"minecraft:total_world_time":9005,"minecraft:fall_one_cm":82540,"minecraft:fly_one_cm":10634},"minecraft:mined":{"minecraft:grass_block":1}},"DataVersion":3337}